Location,Date,Time,CO2,CO,Smoke
Kurla,Monday,18,1360,150,113
Kurla,Monday,19,1292,112,92
Turbhe,Monday,20,1402,88,114
Kurla,Monday,21,1376,80,122
Vashi,Monday,22,1272,51,116
Vashi,Monday,23,1197,38,96
Chembur,Tuesday,0,1185,31,77
Vashi,Tuesday,1,1136,31,76
Khar,Tuesday,2,1094,24,60
Turbhe,Tuesday,3,1010,19,200
Ulhas,Tuesday,4,1011,14,34
Turbhe,Tuesday,5,1066,8,28
Khar,Tuesday,6,1052,16,48
Panvel,Tuesday,7,1144,29,82
Ulhas,Tuesday,8,1333,64,112
Chembur,Tuesday,9,1351,87,101
Turbhe,Tuesday,10,1233,77,98
Panvel,Tuesday,11,1179,43,92
Khar,Tuesday,12,1236,61,95
Ulhas,Tuesday,13,1286,63,112
Turbhe,Tuesday,14,1371,164,128
Ulhas,Tuesday,15,1310,79,126
Turbhe,Tuesday,16,1292,95,131
Kurla,Tuesday,17,1383,150,135
Kurla,Tuesday,18,1581,307,151
Panvel,Tuesday,19,1776,46,172
Ulhas,Tuesday,20,1640,401,165
Thane,Tuesday,21,1313,197,136
Chembur,Tuesday,22,965,61,85
Vashi,Tuesday,23,913,26,53
Kurla,Wednesday,0,1080,55,97
Chembur,Wednesday,1,1044,53,110
Panvel,Wednesday,2,988,40,91
Ulhas,Wednesday,3,889,21,200
Chembur,Wednesday,4,831,10,32
Ulhas,Wednesday,5,847,7,44
Vashi,Wednesday,6,927,17,71
Ulhas,Wednesday,7,1091,33,104
Vashi,Wednesday,8,1587,202,141
Kurla,Wednesday,9,1545,200,200
Turbhe,Wednesday,10,1350,208,122
Khar,Wednesday,11,1263,166,143
Kurla,Wednesday,12,1206,114,113
Thane,Wednesday,13,1252,140,116
Turbhe,Wednesday,14,1287,169,123
Ulhas,Wednesday,15,1353,185,126
Chembur,Wednesday,16,1309,165,120
Kurla,Wednesday,17,1274,133,119
Thane,Wednesday,18,1510,233,149
Chembur,Wednesday,19,1525,242,145
Thane,Wednesday,20,1843,488,170
Vashi,Wednesday,21,1598,333,149
Panvel,Wednesday,22,1484,215,139
Thane,Wednesday,23,1677,367,134
Vashi,Thursday,0,1280,122,113
Turbhe,Thursday,1,1196,67,97
Panvel,Thursday,2,1184,43,82
Kurla,Thursday,3,1172,46,200
Khar,Thursday,4,1147,56,83
Ulhas,Thursday,5,978,30,65
Turbhe,Thursday,6,1100,27,60
Panvel,Thursday,7,1112,47,77
Ulhas,Thursday,8,1336,132,96
Chembur,Thursday,9,1408,239,119
Chembur,Thursday,10,1447,160,126
Khar,Thursday,11,1542,283,158
Turbhe,Thursday,12,1451,210,161
Vashi,Thursday,13,1328,154,124
Ulhas,Thursday,14,1207,112,102
Panvel,Thursday,15,1240,108,116
Kurla,Thursday,16,1306,111,124
Panvel,Thursday,17,1326,97,125
Panvel,Thursday,18,1473,191,148
Chembur,Thursday,19,1609,258,165
Khar,Thursday,20,1611,284,161
Turbhe,Thursday,21,1621,269,159
Thane,Thursday,22,1444,180,143
Vashi,Thursday,23,1418,116,130
Khar,Friday,0,1534,93,129
Khar,Friday,1,1484,131,119
Panvel,Friday,2,1367,92,104
Vashi,Friday,3,1344,132,200
Khar,Friday,4,1130,56,82
Chembur,Friday,5,1062,32,70
Thane,Friday,6,1076,29,63
Kurla,Friday,7,1028,27,67
Chembur,Friday,8,1155,36,84
Panvel,Friday,9,1235,57,83
Turbhe,Friday,10,1332,129,98
Khar,Friday,11,1445,148,114
Turbhe,Friday,12,1416,145,119
Chembur,Friday,13,1281,93,104
Vashi,Friday,14,1207,84,102
Panvel,Friday,15,1258,99,107
Vashi,Friday,16,1458,150,129
Kurla,Friday,17,1438,156,128
Thane,Friday,18,1478,122,121
Panvel,Friday,19,1808,262,157
Panvel,Friday,20,898,341,173
Kurla,Friday,21,1560,214,146
Vashi,Friday,22,1324,100,121
Panvel,Friday,23,1349,79,119
Panvel,Saturday,0,1239,66,99
Panvel,Saturday,1,1239,73,93
Khar,Saturday,2,1224,66,88
Vashi,Saturday,3,1078,44,200
Kurla,Saturday,4,1078,44,71
Thane,Saturday,5,1075,39,74
Thane,Saturday,6,1157,51,80
Kurla,Saturday,7,1314,107,89
Khar,Saturday,8,1797,336,114
Kurla,Saturday,9,1961,618,149
Kurla,Saturday,10,1771,438,157
Panvel,Saturday,11,1564,334,155
Turbhe,Saturday,12,1430,221,134
Panvel,Saturday,13,1417,207,119
Chembur,Saturday,14,1400,191,111
Kurla,Saturday,15,1317,185,104
Thane,Saturday,16,1318,141,99
Panvel,Saturday,17,1445,214,110
Khar,Saturday,18,1917,471,162
Chembur,Saturday,19,2040,685,187
Kurla,Saturday,20,1895,538,165
Chembur,Saturday,21,1595,319,145
Kurla,Saturday,22,1439,224,125
Panvel,Saturday,23,1142,67,101
Vashi,Sunday,0,1304,155,103
Vashi,Sunday,1,1074,49,88
Thane,Sunday,2,968,29,61
Turbhe,Sunday,3,929,25,200
Vashi,Sunday,4,941,25,59
Thane,Sunday,5,937,17,52
Vashi,Sunday,6,1017,27,64
Chembur,Sunday,7,1171,50,70
Vashi,Sunday,8,1541,218,97
Ulhas,Sunday,9,1539,285,95
Vashi,Sunday,10,1735,437,150
Thane,Sunday,11,1571,327,162
Vashi,Sunday,12,1452,283,154
Panvel,Sunday,13,1579,366,161
Ulhas,Sunday,14,1466,318,161
Vashi,Sunday,15,1280,228,128
Kurla,Sunday,16,1407,201,129
Khar,Sunday,17,1389,199,133
Khar,Sunday,18,1447,237,139
Panvel,Sunday,19,1551,261,137
Panvel,Sunday,20,1474,230,143
Vashi,Sunday,21,1800,349,177
Thane,Sunday,22,1379,183,138
Ulhas,Sunday,23,1201,88,117
Vashi,Monday,0,1205,85,107
Thane,Monday,1,1072,47,90
Turbhe,Monday,2,998,34,79
Kurla,Monday,3,933,26,200
Thane,Monday,4,883,17,60
Ulhas,Monday,5,869,11,40
Vashi,Monday,6,891,18,53
Turbhe,Monday,7,1173,84,84
Turbhe,Monday,8,1587,260,108
Vashi,Monday,9,1852,534,127
Kurla,Monday,10,1522,368,134
Khar,Monday,11,1438,200,135
Panvel,Monday,12,1393,145,142
Turbhe,Monday,13,1452,188,153
Chembur,Monday,14,1389,152,123
Ulhas,Monday,15,1207,103,104
Vashi,Monday,16,1365,193,129
Ulhas,Monday,17,1247,134,114
Panvel,Monday,18,1557,386,158
Kurla,Monday,19,1973,57,194
Panvel,Monday,20,1975,523,182
Chembur,Monday,21,1795,47,180
Chembur,Monday,22,1444,206,136
Thane,Monday,23,1488,216,127
Khar,Monday,18,1371,159,116
Thane,Monday,19,1161,70,107
Chembur,Monday,20,1064,44,88
Vashi,Monday,21,970,42,0
Chembur,Monday,22,954,28,78
Turbhe,Monday,23,931,20,57
Panvel,Tuesday,0,938,26,71
Thane,Tuesday,1,1166,78,85
Panvel,Tuesday,2,1643,319,124
Chembur,Tuesday,3,1934,506,151
Panvel,Tuesday,4,1617,135,150
Vashi,Tuesday,5,1473,135,152
Vashi,Tuesday,6,1379,135,139
Thane,Tuesday,7,1385,135,133
Turbhe,Tuesday,8,1379,135,126
Kurla,Tuesday,9,1322,135,128
Chembur,Tuesday,10,1496,135,169
Turbhe,Tuesday,11,1409,135,149
Chembur,Tuesday,12,1513,135,156
Vashi,Tuesday,13,1667,135,168
Turbhe,Tuesday,14,1667,135,176
Kurla,Tuesday,15,1430,135,135
Khar,Tuesday,16,1333,135,121
Thane,Tuesday,17,1262,135,99
Thane,Tuesday,18,1287,135,106
Ulhas,Tuesday,19,1134,135,96
Khar,Tuesday,20,999,135,63
Panvel,Tuesday,21,961,135,0
Turbhe,Tuesday,22,934,135,32
Vashi,Tuesday,23,913,135,28
Panvel,Wednesday,0,969,135,61
Kurla,Wednesday,1,1182,135,99
Turbhe,Wednesday,2,1740,135,157
Vashi,Wednesday,3,1819,135,166
Ulhas,Wednesday,4,1427,135,149
Ulhas,Wednesday,5,1390,135,135
Khar,Wednesday,6,1283,135,127
Thane,Wednesday,7,1304,135,122
Khar,Wednesday,8,1364,135,135
Panvel,Wednesday,9,1410,135,139
Panvel,Wednesday,10,1476,135,147
Kurla,Wednesday,11,1522,135,158
Chembur,Wednesday,12,1442,135,146
Chembur,Wednesday,13,1469,135,144
Vashi,Wednesday,14,1467,135,138
Khar,Wednesday,15,1421,135,143
Chembur,Wednesday,16,1175,135,116
Kurla,Wednesday,17,1215,135,109
Panvel,Wednesday,18,1127,135,92
Khar,Wednesday,19,1090,135,83
Panvel,Wednesday,20,1017,135,81
Kurla,Wednesday,21,997,135,0
Chembur,Wednesday,22,945,135,55
Turbhe,Wednesday,23,956,135,53
Thane,Thursday,0,966,135,67
Ulhas,Thursday,1,1064,135,91
Turbhe,Thursday,2,1300,135,113
Vashi,Thursday,3,1348,135,102
Ulhas,Thursday,4,1425,135,107
Ulhas,Thursday,5,1474,135,113
Chembur,Thursday,6,1490,135,108
Thane,Thursday,7,1495,135,105
Vashi,Thursday,8,1376,135,93
Vashi,Thursday,9,1305,135,87
Thane,Thursday,10,1283,135,76
Ulhas,Thursday,11,1392,135,94
Vashi,Thursday,12,1452,135,110
Chembur,Thursday,13,1633,135,136
Panvel,Thursday,14,1625,135,139
Chembur,Thursday,15,1535,135,125
Panvel,Thursday,16,1323,135,111
Vashi,Thursday,17,1309,135,97
Vashi,Thursday,18,1456,135,107
Thane,Thursday,19,1300,135,90
Vashi,Thursday,20,1203,135,84
Vashi,Thursday,21,1195,135,0
Ulhas,Thursday,22,1117,135,87
Thane,Thursday,23,1062,135,66
Kurla,Friday,0,947,135,36
Chembur,Friday,1,1065,135,62
Khar,Friday,2,1155,135,91
Ulhas,Friday,3,1220,135,89
Khar,Friday,4,1301,135,93
Khar,Friday,5,1279,135,81
Vashi,Friday,6,1267,135,82
Chembur,Friday,7,1239,135,80
Khar,Friday,8,1128,135,48
Kurla,Friday,9,1243,135,61
Chembur,Friday,10,1208,135,89
Khar,Friday,11,1306,135,105
Chembur,Friday,12,1546,135,116
Khar,Friday,13,1501,135,119
Khar,Friday,14,1605,135,144
Turbhe,Friday,15,1316,135,123
Kurla,Friday,16,1195,135,105
Panvel,Friday,17,1211,135,93
Turbhe,Friday,18,1161,135,86
Panvel,Friday,19,1095,135,76
Panvel,Friday,20,897,135,33
Panvel,Friday,21,842,135,0
Thane,Friday,22,854,135,27
Khar,Friday,23,845,135,23
Vashi,Saturday,0,942,135,46
Ulhas,Saturday,1,1090,135,76
Vashi,Saturday,2,1514,135,116
Chembur,Saturday,3,1379,135,115
Vashi,Saturday,4,1074,135,83
Vashi,Saturday,5,1090,135,87
Ulhas,Saturday,6,1110,135,90
Khar,Saturday,7,1102,135,87
Vashi,Saturday,8,1100,135,99
Ulhas,Saturday,9,1094,135,99
Ulhas,Saturday,10,1076,451,101
Kurla,Saturday,11,1152,185,103
Ulhas,Saturday,12,1407,426,129
Thane,Saturday,13,1438,672,143
Turbhe,Saturday,14,1425,624,146
Khar,Saturday,15,1279,325,124
Ulhas,Saturday,16,1132,143,113
Ulhas,Saturday,17,1006,89,80
Turbhe,Saturday,18,982,73,72
Kurla,Saturday,19,969,48,64
Thane,Saturday,20,941,47,70
Khar,Saturday,21,892,36,0
Vashi,Saturday,22,855,25,31
Turbhe,Saturday,23,834,19,22
Kurla,Sunday,0,909,26,47
Vashi,Sunday,1,1061,60,88
Thane,Sunday,2,1441,248,130
Vashi,Sunday,3,1498,535,132
Khar,Sunday,4,1343,340,132
Vashi,Sunday,5,1308,325,131
Thane,Sunday,6,1209,267,129
Chembur,Sunday,7,1310,325,132
Vashi,Sunday,8,1171,268,110
Turbhe,Sunday,9,1112,136,99
Panvel,Sunday,10,1132,118,100
Kurla,Sunday,11,1225,276,122
Ulhas,Sunday,12,1065,151,97
Thane,Sunday,13,1236,236,112
Vashi,Sunday,14,1309,220,128
Ulhas,Sunday,15,1089,87,101
Chembur,Sunday,16,1000,81,96
Chembur,Sunday,17,1041,74,86
Ulhas,Sunday,18,1045,55,85
Chembur,Sunday,19,997,74,79
Chembur,Sunday,20,948,35,61
Thane,Sunday,21,878,29,0
Chembur,Sunday,22,908,29,66
Khar,Sunday,23,892,20,54
Thane,Monday,0,954,32,57
Thane,Monday,1,1045,84,75
Turbhe,Monday,2,1383,245,97
Turbhe,Monday,3,1597,553,110
Panvel,Monday,4,1318,450,113
Vashi,Monday,5,1138,118,88
Vashi,Monday,6,1098,118,85
Panvel,Monday,7,1118,144,96
Ulhas,Monday,8,1170,159,106
Vashi,Monday,9,1112,122,91
Ulhas,Monday,10,1390,230,126
Ulhas,Monday,11,1353,320,130
Turbhe,Monday,12,1260,263,111
Panvel,Monday,13,1501,556,134
Kurla,Monday,14,1273,458,136
Ulhas,Monday,15,1179,214,125
Chembur,Monday,16,1047,97,108
Khar,Monday,17,973,79,87
Panvel,Monday,18,997,81,89
Turbhe,Monday,19,970,52,58
Vashi,Monday,20,902,38,54
Chembur,Monday,21,921,35,0
Ulhas,Monday,22,858,29,28
Turbhe,Monday,23,878,21,20
Kurla,Monday,18,893,46,51
Chembur,Monday,19,1038,55,82
Panvel,Monday,20,1320,271,112
Chembur,Monday,21,1353,434,119
Turbhe,Monday,22,1133,300,99
Ulhas,Monday,23,1066,116,98
Thane,Tuesday,0,1027,95,88
Chembur,Tuesday,1,1106,211,96
Chembur,Tuesday,2,1038,168,81
Ulhas,Tuesday,3,1084,154,92
Ulhas,Tuesday,4,1105,267,105
Kurla,Tuesday,5,1102,143,88
Panvel,Tuesday,6,1240,374,103
Thane,Tuesday,7,1443,797,141
Khar,Tuesday,8,1389,698,133
Ulhas,Tuesday,9,1183,234,119
Thane,Tuesday,10,1014,104,106
Thane,Tuesday,11,979,67,92
Chembur,Tuesday,12,1048,88,97
Kurla,Tuesday,13,1024,79,91
Vashi,Tuesday,14,974,61,83
Thane,Tuesday,15,862,43,0
Kurla,Tuesday,16,925,40,59
Ulhas,Tuesday,17,952,52,73
Khar,Tuesday,18,1005,64,78
Panvel,Tuesday,19,1122,88,90
Turbhe,Tuesday,20,1351,375,110
Ulhas,Tuesday,21,1408,592,114
Ulhas,Tuesday,22,1304,357,119
Thane,Tuesday,23,1207,296,121
Chembur,Wednesday,0,1099,181,97
Kurla,Wednesday,1,1106,211,99
Ulhas,Wednesday,2,1009,199,85
Kurla,Wednesday,3,962,81,75
Turbhe,Wednesday,4,1093,143,87
Turbhe,Wednesday,5,1180,247,102
Kurla,Wednesday,6,1168,239,105
Panvel,Wednesday,7,1168,267,98
Thane,Wednesday,8,1140,261,93
Khar,Wednesday,9,1001,97,91
Khar,Wednesday,10,953,66,85
Chembur,Wednesday,11,972,60,74
Turbhe,Wednesday,12,1021,77,87
Khar,Wednesday,13,940,57,79
Thane,Wednesday,14,1046,65,78
Chembur,Wednesday,15,1026,59,0
Kurla,Wednesday,16,983,48,63
Chembur,Wednesday,17,915,27,48
Thane,Wednesday,18,935,25,59
Turbhe,Wednesday,19,976,42,65
Thane,Wednesday,20,1124,78,71
Turbhe,Wednesday,21,1163,128,84
Vashi,Wednesday,22,1167,184,93
Vashi,Wednesday,23,1121,156,99
Thane,Thursday,0,1071,176,93
Turbhe,Thursday,1,1065,232,96
Chembur,Thursday,2,1157,305,114
Kurla,Thursday,3,1046,150,101
Ulhas,Thursday,4,1147,188,108
Vashi,Thursday,5,1119,221,117
Turbhe,Thursday,6,1210,219,125
Chembur,Thursday,7,1306,306,133
Ulhas,Thursday,8,1258,270,119
Khar,Thursday,9,1148,231,107
Panvel,Thursday,10,1108,125,96
Vashi,Thursday,11,1231,122,105
Panvel,Thursday,12,1293,161,102
Vashi,Thursday,13,1274,101,97
Thane,Thursday,14,1135,95,79
Panvel,Thursday,15,1151,129,0
Khar,Thursday,16,1010,96,69
Ulhas,Thursday,17,870,54,52
Khar,Thursday,18,983,63,62
Vashi,Thursday,19,995,72,69
Khar,Thursday,20,1024,91,75
Vashi,Thursday,21,1163,127,83
Chembur,Thursday,22,1218,193,94
Ulhas,Thursday,23,1210,188,96
Thane,Friday,0,1114,151,86
Thane,Friday,1,995,103,72
Khar,Friday,2,927,55,53
Khar,Friday,3,1002,104,65
Ulhas,Friday,4,987,116,70
Kurla,Friday,5,993,93,75
Kurla,Friday,6,1012,93,86
Turbhe,Friday,7,1114,155,94
Turbhe,Friday,8,1093,115,103
Turbhe,Friday,9,968,75,81
Kurla,Friday,10,960,65,80
Chembur,Friday,11,942,57,77
Kurla,Friday,12,888,40,58
Kurla,Friday,13,818,27,31
Thane,Friday,14,840,23,38
Ulhas,Friday,15,894,28,0
Thane,Friday,16,864,21,59
Panvel,Friday,17,898,33,70
Khar,Friday,18,946,40,75
Thane,Friday,19,1309,279,103
Chembur,Friday,20,1326,743,134
Chembur,Friday,21,966,147,98
Ulhas,Friday,22,975,97,97
Thane,Friday,23,988,118,98
Panvel,Saturday,0,971,91,78
Chembur,Saturday,1,1010,146,83
Chembur,Saturday,2,984,139,92
Ulhas,Saturday,3,962,155,81
Khar,Saturday,4,1012,128,90
Vashi,Saturday,5,1058,166,95
Khar,Saturday,6,1173,299,114
Thane,Saturday,7,1127,163,106
Kurla,Saturday,8,1020,154,99
Chembur,Saturday,9,949,80,90
Chembur,Saturday,10,930,58,82
Turbhe,Saturday,11,900,55,74
Panvel,Saturday,12,899,33,76
Panvel,Saturday,13,866,33,66
Vashi,Saturday,14,900,32,73
Vashi,Saturday,15,949,25,0
Chembur,Saturday,16,897,29,69
Ulhas,Saturday,17,956,26,71
Vashi,Saturday,18,1054,86,98
Kurla,Saturday,19,1343,294,115
Kurla,Saturday,20,1584,664,130
Thane,Saturday,21,1556,695,150
Chembur,Saturday,22,1565,735,159
Panvel,Saturday,23,1429,649,146
Panvel,Sunday,0,1419,586,138
Khar,Sunday,1,1373,546,128
Vashi,Sunday,2,1185,245,97
Turbhe,Sunday,3,1122,178,91
Turbhe,Sunday,4,1085,130,81
Kurla,Sunday,5,1249,151,99
Khar,Sunday,6,1236,272,101
Ulhas,Sunday,7,1334,301,106
Chembur,Sunday,8,1264,237,102
Chembur,Sunday,9,1073,95,84
Kurla,Sunday,10,1053,68,81
Chembur,Sunday,11,1098,101,91
Ulhas,Sunday,12,1029,81,82
Turbhe,Sunday,13,973,50,64
Kurla,Sunday,14,972,66,70
Kurla,Sunday,15,832,22,0
Ulhas,Sunday,16,851,18,26
Chembur,Sunday,17,909,31,58
Khar,Sunday,18,1038,57,93
Vashi,Sunday,19,1636,342,110
Vashi,Sunday,20,1580,644,115
Panvel,Sunday,21,1262,216,125
Panvel,Sunday,22,1197,117,118
Vashi,Sunday,23,1277,156,109
Turbhe,Monday,0,1430,332,123
Ulhas,Monday,1,1242,232,114
Panvel,Monday,2,1349,295,114
Turbhe,Monday,3,1390,386,119
Thane,Monday,4,1224,278,111
Ulhas,Monday,5,1253,263,103
Vashi,Monday,6,1312,322,103
Turbhe,Monday,7,1254,226,107
Thane,Monday,8,1198,221,105
Chembur,Monday,9,1060,109,91
Chembur,Monday,10,1050,105,79
Chembur,Monday,11,1029,84,79
Thane,Monday,12,1143,106,86
Ulhas,Monday,13,1044,100,70
Thane,Monday,14,1034,71,55
Chembur,Monday,15,956,72,0
Kurla,Monday,16,909,44,49
Kurla,Monday,17,996,45,50
Thane,Monday,18,1154,134,67
Thane,Monday,19,1510,505,94
Khar,Monday,20,1722,1042,119
Turbhe,Monday,21,1512,737,139
Turbhe,Monday,22,1258,375,113
Kurla,Monday,23,1094,124,88
Chembur,Monday,18,1129,137,73
Kurla,Monday,19,1125,179,73
Chembur,Monday,20,0,222,72
Khar,Monday,21,0,197,81
Chembur,Monday,22,0,319,93
Turbhe,Monday,23,1308,388,106
Thane,Tuesday,0,1529,589,132
Turbhe,Tuesday,1,1592,840,164
Kurla,Tuesday,2,1536,655,161
Chembur,Tuesday,3,1192,254,124
Thane,Tuesday,4,1186,188,113
Ulhas,Tuesday,5,1203,120,103
Vashi,Tuesday,6,1139,157,104
Vashi,Tuesday,7,1072,88,93
Thane,Tuesday,8,954,68,60
Chembur,Tuesday,9,951,57,0
Khar,Tuesday,10,926,36,52
Turbhe,Tuesday,11,968,51,66
Turbhe,Tuesday,12,1067,93,82
Chembur,Tuesday,13,1386,284,109
Thane,Tuesday,14,1474,486,114
Ulhas,Tuesday,15,1569,798,139
Thane,Tuesday,16,1375,524,127
Panvel,Tuesday,17,1328,468,127
Panvel,Tuesday,18,1341,454,135
Chembur,Tuesday,19,1297,461,130
Turbhe,Tuesday,20,1303,391,126
Kurla,Tuesday,21,1281,337,121
Turbhe,Tuesday,22,1248,297,122
Panvel,Tuesday,23,1382,588,138
Vashi,Wednesday,0,1491,721,165
Thane,Wednesday,1,1620,710,154
Chembur,Wednesday,2,1693,787,168
Vashi,Wednesday,3,1374,415,146
Khar,Wednesday,4,1287,245,124
Khar,Wednesday,5,1408,294,124
Thane,Wednesday,6,1254,139,106
Thane,Wednesday,7,1141,98,88
Thane,Wednesday,8,1141,88,83
Khar,Wednesday,9,1042,66,0
Vashi,Wednesday,10,986,57,74
Thane,Wednesday,11,1005,57,64
Ulhas,Wednesday,12,1041,60,69
Ulhas,Wednesday,13,1272,200,91
Chembur,Wednesday,14,1436,451,96
Vashi,Wednesday,15,1472,422,106
Thane,Wednesday,16,1418,135,0
Chembur,Wednesday,17,1410,135,0
Kurla,Wednesday,18,1438,135,0
Kurla,Wednesday,19,1278,135,0
Kurla,Wednesday,20,1257,135,0
Kurla,Wednesday,21,1331,135,0
Thane,Wednesday,22,1361,135,0
Kurla,Wednesday,23,1398,135,0
Vashi,Thursday,0,1483,135,0
Turbhe,Thursday,1,1697,135,0
Chembur,Thursday,2,1459,135,0
Chembur,Thursday,3,1268,135,0
Turbhe,Thursday,4,1469,135,0
Vashi,Thursday,5,1316,135,0
Turbhe,Thursday,6,1224,135,0
Thane,Thursday,7,1215,135,0
Chembur,Thursday,8,1115,135,0
Turbhe,Thursday,9,1124,135,0
Turbhe,Thursday,10,1028,135,0
Vashi,Thursday,11,1010,135,0
Ulhas,Thursday,12,1074,135,0
Vashi,Thursday,13,1034,135,0
Ulhas,Thursday,14,1130,135,0
Turbhe,Thursday,15,1275,135,0
Khar,Thursday,16,1324,135,0
Chembur,Thursday,17,1268,135,0
Turbhe,Thursday,18,1272,135,0
Chembur,Thursday,19,1160,135,0
Turbhe,Thursday,20,1136,135,0
Ulhas,Thursday,21,1296,135,0
Vashi,Thursday,22,1345,135,0
Vashi,Thursday,23,1296,135,0
Ulhas,Friday,0,1258,135,0
Kurla,Friday,1,1420,135,0
Panvel,Friday,2,1366,135,0
Turbhe,Friday,3,1113,135,0
Ulhas,Friday,4,1196,135,0
Chembur,Friday,5,1188,135,0
Chembur,Friday,6,1102,135,0
Ulhas,Friday,7,969,135,0
Panvel,Friday,8,983,135,0
Chembur,Friday,9,876,135,0
Khar,Friday,10,884,135,0
Thane,Friday,11,1024,135,0
Khar,Friday,12,1126,135,0
Panvel,Friday,13,1415,135,0
Turbhe,Friday,14,1631,135,0
Thane,Friday,15,1499,135,0
Thane,Friday,16,1461,424,124
Turbhe,Friday,17,1430,339,121
Panvel,Friday,18,1498,445,114
Turbhe,Friday,19,1454,535,114
Vashi,Friday,20,1402,278,106
Vashi,Friday,21,1327,256,89
Ulhas,Friday,22,1273,245,82
Thane,Friday,23,1457,458,111
Turbhe,Saturday,0,1543,710,132
Khar,Saturday,1,1499,678,121
Thane,Saturday,2,1378,436,116
Ulhas,Saturday,3,1243,178,100
Khar,Saturday,4,1196,160,89
Panvel,Saturday,5,1137,177,92
Khar,Saturday,6,1015,101,71
Panvel,Saturday,7,978,66,51
Thane,Saturday,8,933,40,39
Ulhas,Saturday,9,927,54,0
Kurla,Saturday,10,908,39,35
Vashi,Saturday,11,980,62,64
Khar,Saturday,12,1236,120,94
Vashi,Saturday,13,1664,599,134
Kurla,Saturday,14,1757,1084,129
Khar,Saturday,15,1524,776,125
Vashi,Saturday,16,1329,470,107
Chembur,Saturday,17,1167,169,78
Vashi,Saturday,18,1369,304,91
Turbhe,Saturday,19,1284,405,116
Khar,Saturday,20,1221,297,131
Khar,Saturday,21,1096,220,113
Ulhas,Saturday,22,1143,226,98
Ulhas,Saturday,23,1251,456,116
Khar,Sunday,0,1268,470,120
Khar,Sunday,1,1314,503,126
Thane,Sunday,2,1315,459,126
Chembur,Sunday,3,1095,227,90
Vashi,Sunday,4,1027,152,81
Panvel,Sunday,5,1012,94,74
Vashi,Sunday,6,948,93,67
Panvel,Sunday,7,889,49,46
Vashi,Sunday,8,830,30,30
Ulhas,Sunday,9,801,30,0
Thane,Sunday,10,804,30,19
Panvel,Sunday,11,824,32,32
Kurla,Sunday,12,1000,59,61
Turbhe,Sunday,13,1307,277,111
Chembur,Sunday,14,1286,454,102
Turbhe,Sunday,15,1150,211,116
Vashi,Sunday,16,1087,196,96
Thane,Sunday,17,1016,110,97
Turbhe,Sunday,18,1029,164,110
Panvel,Sunday,19,1109,151,103
Khar,Sunday,20,997,112,79
Turbhe,Sunday,21,1177,117,104
Khar,Sunday,22,1045,120,69
Vashi,Sunday,23,1171,251,96
Kurla,Monday,0,1221,435,121
Turbhe,Monday,1,1262,345,129
Ulhas,Monday,2,1207,343,116
Khar,Monday,3,956,62,71
Ulhas,Monday,4,1020,70,85
Ulhas,Monday,5,1107,114,101
Vashi,Monday,6,1020,88,97
Chembur,Monday,7,1051,95,89
Thane,Monday,8,965,83,72
Vashi,Monday,9,890,63,0
Thane,Monday,10,823,38,57
Turbhe,Monday,11,869,68,62
Chembur,Monday,12,939,59,64
Panvel,Monday,13,1274,226,80
Ulhas,Monday,14,1512,802,118
Khar,Monday,15,1435,585,130
Thane,Monday,16,1207,324,113
Kurla,Monday,17,1223,308,112
Kurla,Monday,18,1121,238,96
Khar,Monday,19,1176,301,125
Chembur,Monday,20,1144,294,128
Thane,Monday,21,1136,353,101
Khar,Monday,22,1085,209,95
Turbhe,Monday,23,1297,538,138
Turbhe,Monday,18,1408,808,154
Chembur,Monday,19,1618,974,171
Vashi,Monday,20,1319,544,136
Thane,Monday,21,1045,138,93
Ulhas,Monday,22,1058,92,99
Turbhe,Monday,23,0,137,106
Thane,Tuesday,0,0,189,109
Turbhe,Tuesday,1,0,159,97
Ulhas,Tuesday,2,0,80,83
Panvel,Tuesday,3,0,66,0
Turbhe,Tuesday,4,0,87,79
Khar,Tuesday,5,0,79,84
Ulhas,Tuesday,6,0,150,86
Vashi,Tuesday,7,0,196,111
Turbhe,Tuesday,8,0,299,117
Thane,Tuesday,9,0,254,122
Panvel,Tuesday,10,0,226,119
Thane,Tuesday,11,0,262,121
Panvel,Tuesday,12,0,505,127
Vashi,Tuesday,13,0,512,135
Panvel,Tuesday,14,0,159,119
Vashi,Tuesday,15,0,337,137
Khar,Tuesday,16,0,357,139
Turbhe,Tuesday,17,0,194,117
Khar,Tuesday,18,0,278,127
Kurla,Tuesday,19,0,303,137
Thane,Tuesday,20,0,234,127
Thane,Tuesday,21,0,128,107
Panvel,Tuesday,22,0,160,102
Khar,Tuesday,23,1176,169,95
Kurla,Wednesday,0,1047,77,79
Panvel,Wednesday,1,1116,98,78
Ulhas,Wednesday,2,1074,102,75
Chembur,Wednesday,3,922,65,0
Ulhas,Wednesday,4,898,69,52
Chembur,Wednesday,5,970,89,55
Chembur,Wednesday,6,1073,134,65
Ulhas,Wednesday,7,1081,157,72
Panvel,Wednesday,8,1159,167,76
Turbhe,Wednesday,9,1112,157,84
Turbhe,Wednesday,10,1112,172,90
Ulhas,Wednesday,11,1063,114,89
Turbhe,Wednesday,12,1032,166,87
Panvel,Wednesday,13,936,94,88
Khar,Wednesday,14,883,108,81
Vashi,Wednesday,15,942,98,89
Turbhe,Wednesday,16,943,132,91
Khar,Wednesday,17,1007,144,104
Panvel,Wednesday,18,1037,165,111
Panvel,Wednesday,19,1127,210,129
Kurla,Wednesday,20,1123,277,133
Thane,Wednesday,21,1110,168,115
Panvel,Wednesday,22,1247,248,125
Chembur,Wednesday,23,1220,235,117
Kurla,Thursday,0,1028,84,84
Chembur,Thursday,1,978,75,63
Chembur,Thursday,2,949,62,68
Thane,Thursday,3,910,66,0
Thane,Thursday,4,863,49,52
Turbhe,Thursday,5,836,38,49
Chembur,Thursday,6,856,44,49
Ulhas,Thursday,7,888,60,52
Kurla,Thursday,8,912,88,58
Turbhe,Thursday,9,938,70,51
Turbhe,Thursday,10,1053,94,77
Ulhas,Thursday,11,1087,126,90
Kurla,Thursday,12,1153,181,118
Thane,Thursday,13,894,66,70
Kurla,Thursday,14,797,54,35
Vashi,Thursday,15,854,48,46
Thane,Thursday,16,892,66,58
Khar,Thursday,17,935,65,61
Kurla,Thursday,18,989,68,80
Chembur,Thursday,19,1063,118,93
Turbhe,Thursday,20,922,65,78
Kurla,Thursday,21,925,63,76
Vashi,Thursday,22,924,61,74
Ulhas,Thursday,23,914,63,81
Khar,Friday,0,840,31,58
Khar,Friday,1,799,29,59
Ulhas,Friday,2,856,34,54
Vashi,Friday,3,830,34,0
Panvel,Friday,4,753,9,25
Vashi,Friday,5,785,14,26
Kurla,Friday,6,835,23,49
Turbhe,Friday,7,865,36,53
Panvel,Friday,8,922,39,57
Ulhas,Friday,9,975,38,73
Turbhe,Friday,10,1040,55,78
Vashi,Friday,11,1115,75,93
Kurla,Friday,12,1004,64,71
Ulhas,Friday,13,895,39,56
Chembur,Friday,14,917,42,60
Ulhas,Friday,15,1025,78,77
Chembur,Friday,16,1035,69,82
Vashi,Friday,17,1025,67,77
Vashi,Friday,18,1040,83,91
Khar,Friday,19,1070,79,93
Vashi,Friday,20,964,68,82
Panvel,Friday,21,904,56,74
Turbhe,Friday,22,913,49,68
Kurla,Friday,23,914,56,65
Turbhe,Saturday,0,893,48,58
Chembur,Saturday,1,844,27,36
Khar,Saturday,2,837,29,29
Khar,Saturday,3,868,32,0
Thane,Saturday,4,825,47,28
Thane,Saturday,5,956,66,68
Ulhas,Saturday,6,1124,163,99
Thane,Saturday,7,1496,524,130
Thane,Saturday,8,1452,657,128
Turbhe,Saturday,9,1172,324,120
Vashi,Saturday,10,1020,144,93
Kurla,Saturday,11,1044,135,96
Chembur,Saturday,12,1020,140,84
Ulhas,Saturday,13,1009,141,87
Ulhas,Saturday,14,1073,181,87
Ulhas,Saturday,15,1098,227,103
Vashi,Saturday,16,1061,149,88
Ulhas,Saturday,17,1289,425,118
Turbhe,Saturday,18,1442,669,134
Panvel,Saturday,19,1479,680,144
Panvel,Saturday,20,1266,446,129
Ulhas,Saturday,21,1149,205,108
Chembur,Saturday,22,1168,194,104
Vashi,Saturday,23,1079,115,90
Panvel,Sunday,0,1047,74,74
Turbhe,Sunday,1,936,85,73
Ulhas,Sunday,2,900,66,60
Ulhas,Sunday,3,839,60,0
Thane,Sunday,4,840,40,57
Kurla,Sunday,5,905,47,62
Kurla,Sunday,6,1079,116,71
Thane,Sunday,7,1417,478,94
Thane,Sunday,8,1529,836,99
Vashi,Sunday,9,1397,655,119
Vashi,Sunday,10,1214,312,103
Panvel,Sunday,11,1109,195,95
Khar,Sunday,12,1122,238,95
Chembur,Sunday,13,1094,135,0
Panvel,Sunday,14,1164,135,0
Chembur,Sunday,15,1188,135,0
Panvel,Sunday,16,1098,135,0
Kurla,Sunday,17,1180,135,0
Khar,Sunday,18,1195,135,0
Thane,Sunday,19,1234,135,0
Vashi,Sunday,20,1425,135,0
Chembur,Sunday,21,1320,135,0
Kurla,Sunday,22,1158,135,0
Thane,Sunday,23,1060,135,0
Panvel,Monday,0,1036,135,0
Vashi,Monday,1,943,135,0
Khar,Monday,2,899,135,0
Chembur,Monday,3,889,135,0
Kurla,Monday,4,847,135,0
Thane,Monday,5,918,135,0
Thane,Monday,6,1105,135,0
Khar,Monday,7,1491,135,0
Khar,Monday,8,1508,135,0
Turbhe,Monday,9,1489,536,114
Kurla,Monday,10,1451,481,127
Turbhe,Monday,11,1454,460,135
Panvel,Monday,12,1392,597,135
Kurla,Monday,13,1351,465,120
Kurla,Monday,14,1418,542,129
Panvel,Monday,15,1303,437,114
Chembur,Monday,16,1292,383,129
Khar,Monday,17,1560,778,149
Kurla,Monday,18,1765,926,149
Panvel,Monday,19,1875,1189,158
Vashi,Monday,20,1746,824,148
Vashi,Monday,21,1607,660,134
Chembur,Monday,22,1277,203,111
Kurla,Monday,23,1207,136,106
Kurla,Monday,18,1209,114,108
Thane,Monday,19,1189,110,93
Kurla,Monday,20,1132,127,83
Khar,Monday,21,974,68,0
Turbhe,Monday,22,1033,70,69
Turbhe,Monday,23,1075,93,77
Panvel,Tuesday,0,1242,179,87
Thane,Tuesday,1,1657,523,109
Vashi,Tuesday,2,1406,546,116
Chembur,Tuesday,3,1150,251,105
Kurla,Tuesday,4,1184,222,106
Vashi,Tuesday,5,1223,212,108
Khar,Tuesday,6,1196,263,100
Turbhe,Tuesday,7,1559,535,149
Thane,Tuesday,8,1544,609,148
Vashi,Tuesday,9,1485,449,126
Turbhe,Tuesday,10,1498,536,140
Ulhas,Tuesday,11,1593,743,142
Panvel,Tuesday,12,1529,575,141
Kurla,Tuesday,13,1689,783,149
Panvel,Tuesday,14,1535,706,140
Khar,Tuesday,15,1304,299,117
Ulhas,Tuesday,16,1235,159,103
Khar,Tuesday,17,1281,171,99
Chembur,Tuesday,18,1167,162,100
Thane,Tuesday,19,1134,111,88
Ulhas,Tuesday,20,1100,134,83
Panvel,Tuesday,21,1057,135,0
Thane,Tuesday,22,902,135,0
Kurla,Tuesday,23,982,135,0
Turbhe,Wednesday,0,997,135,0
Panvel,Wednesday,1,1141,135,0
Chembur,Wednesday,2,1163,135,0
Khar,Wednesday,3,1107,135,0
Panvel,Wednesday,4,1228,135,0
Chembur,Wednesday,5,1033,135,0
Thane,Wednesday,6,984,135,0
Ulhas,Wednesday,7,1066,135,0
Thane,Wednesday,8,926,135,0
Ulhas,Wednesday,9,979,135,0
Kurla,Wednesday,10,993,135,0
Thane,Wednesday,11,970,135,0
Chembur,Wednesday,12,997,135,0
Panvel,Wednesday,13,1097,135,0
Panvel,Wednesday,14,1105,135,0
Khar,Wednesday,15,993,135,0
Khar,Wednesday,16,1136,135,0
Panvel,Wednesday,17,1297,135,0
Panvel,Wednesday,18,1110,135,0
Ulhas,Wednesday,19,1027,135,0
Khar,Wednesday,20,1024,135,0
Khar,Wednesday,21,992,135,0
Khar,Wednesday,22,929,135,0
Ulhas,Wednesday,23,892,135,0
Chembur,Thursday,0,895,135,0
Kurla,Thursday,1,915,135,0
Khar,Thursday,2,947,135,0
Kurla,Thursday,3,1032,135,0
Panvel,Thursday,4,1219,135,0
Panvel,Thursday,5,1217,135,0
Thane,Thursday,6,1097,135,0
Kurla,Thursday,7,938,135,0
Khar,Thursday,8,944,135,0
Khar,Thursday,9,1139,135,0
Khar,Thursday,10,1163,135,0
Khar,Thursday,11,1157,135,0
Turbhe,Thursday,12,1154,135,0
Vashi,Thursday,13,1342,135,0
Thane,Thursday,14,1178,135,0
Khar,Thursday,15,1152,135,0
Kurla,Thursday,16,1078,135,0
Kurla,Thursday,17,1167,135,0
Thane,Thursday,18,1111,135,0
Khar,Thursday,19,988,135,0
Panvel,Thursday,20,917,135,0
Panvel,Thursday,21,850,135,0
Turbhe,Thursday,22,885,135,0
Thane,Thursday,23,888,135,0
Turbhe,Friday,0,1101,135,0
Khar,Friday,1,1399,135,0
Thane,Friday,2,1325,135,0
Ulhas,Friday,3,1058,135,0
Vashi,Friday,4,990,135,0
Kurla,Friday,5,1018,135,0
Panvel,Friday,6,1105,135,0
Khar,Friday,7,1194,135,0
Turbhe,Friday,8,1088,135,0
Chembur,Friday,9,1084,135,0
Kurla,Friday,10,1207,135,0
Vashi,Friday,11,1186,135,0
Ulhas,Friday,12,1053,135,0
Kurla,Friday,13,1032,135,0
Kurla,Friday,14,989,135,0
Vashi,Friday,15,930,135,0
Khar,Friday,16,951,135,0
Vashi,Friday,17,985,135,0
Panvel,Friday,18,937,135,0
Panvel,Friday,19,887,135,0
Panvel,Friday,20,806,135,0
Kurla,Friday,21,771,135,0
Vashi,Friday,22,802,135,0
Khar,Friday,23,878,135,0
Ulhas,Saturday,0,1070,135,0
Thane,Saturday,1,1430,135,0
Thane,Saturday,2,1565,135,0
Chembur,Saturday,3,1365,135,0
Khar,Saturday,4,1348,135,0
Chembur,Saturday,5,1311,135,0
Turbhe,Saturday,6,1302,135,0
Panvel,Saturday,7,1250,135,0
Chembur,Saturday,8,1083,135,0
Panvel,Saturday,9,1005,135,0
Kurla,Saturday,10,1129,135,0
Thane,Saturday,11,1327,135,0
Chembur,Saturday,12,1428,135,0
Vashi,Saturday,13,1426,135,0
Ulhas,Saturday,14,1310,135,0
Vashi,Saturday,15,1114,135,0
Turbhe,Saturday,16,991,135,0
Turbhe,Saturday,17,1089,135,0
Panvel,Saturday,18,911,135,0
Turbhe,Saturday,19,1005,135,0
Thane,Saturday,20,863,135,0
Kurla,Saturday,21,857,135,0
Khar,Saturday,22,804,135,0
Vashi,Saturday,23,871,135,0
Kurla,Sunday,0,1035,135,0
Turbhe,Sunday,1,1513,135,0
Turbhe,Sunday,2,1726,135,0
Turbhe,Sunday,3,1396,135,0
Ulhas,Sunday,4,1333,135,0
Thane,Sunday,5,1161,135,0
Turbhe,Sunday,6,1081,135,0
Turbhe,Sunday,7,1075,135,0
Vashi,Sunday,8,1055,135,0
Kurla,Sunday,9,1053,135,0
Thane,Sunday,10,1087,135,0
Vashi,Sunday,11,1304,135,0
Ulhas,Sunday,12,1625,135,0
Panvel,Sunday,13,1649,135,0
Chembur,Sunday,14,1443,135,0
Ulhas,Sunday,15,1209,135,0
Khar,Sunday,16,1105,135,0
Kurla,Sunday,17,1020,135,0
Turbhe,Sunday,18,991,135,0
Khar,Sunday,19,937,135,0
Kurla,Sunday,20,882,135,0
Kurla,Sunday,21,843,135,0
Khar,Sunday,22,819,135,0
Ulhas,Sunday,23,834,135,0
Ulhas,Monday,0,977,135,0
Panvel,Monday,1,1234,135,0
Panvel,Monday,2,1403,135,0
Vashi,Monday,3,1538,135,0
Panvel,Monday,4,1343,135,0
Khar,Monday,5,1243,135,0
Chembur,Monday,6,1201,135,0
Vashi,Monday,7,1121,135,0
Thane,Monday,8,1087,135,0
Turbhe,Monday,9,1165,135,0
Chembur,Monday,10,1224,135,0
Kurla,Monday,11,1431,135,0
Vashi,Monday,12,1433,135,0
Vashi,Monday,13,1527,135,0
Thane,Monday,14,1387,135,0
Thane,Monday,15,1158,135,0
Vashi,Monday,16,1009,135,0
Panvel,Monday,17,1026,135,0
Ulhas,Monday,18,1119,135,0
Khar,Monday,19,1000,135,0
Panvel,Monday,20,866,135,0
Panvel,Monday,21,848,135,0
Khar,Monday,22,844,135,0
Ulhas,Monday,23,852,46,59
Chembur,Monday,18,923,56,67
Chembur,Monday,19,1490,452,95
Chembur,Monday,20,1662,880,123
Khar,Monday,21,1553,759,142
Turbhe,Monday,22,1423,394,142
Khar,Monday,23,1458,639,169
Khar,Tuesday,0,1349,541,142
Thane,Tuesday,1,1326,468,136
Thane,Tuesday,2,1356,483,147
Ulhas,Tuesday,3,1460,682,196
Ulhas,Tuesday,4,1497,698,186
Kurla,Tuesday,5,1645,832,177
Ulhas,Tuesday,6,1557,872,164
Vashi,Tuesday,7,1747,899,161
Ulhas,Tuesday,8,1482,692,146
Thane,Tuesday,9,1211,145,98
Ulhas,Tuesday,10,1294,208,108
Khar,Tuesday,11,1300,204,107
Chembur,Tuesday,12,1402,240,113
Panvel,Tuesday,13,1349,251,100
Vashi,Tuesday,14,1161,173,87
Turbhe,Tuesday,15,1022,113,0
Kurla,Tuesday,16,948,55,60
Turbhe,Tuesday,17,933,65,65
Vashi,Tuesday,18,1021,119,64
Kurla,Tuesday,19,1134,151,73
Turbhe,Tuesday,20,1311,305,86
Kurla,Tuesday,21,1409,415,105
Kurla,Tuesday,22,1301,321,107
Ulhas,Tuesday,23,1354,358,114
Panvel,Wednesday,0,1391,350,105
Khar,Wednesday,1,1200,238,74
Panvel,Wednesday,2,1338,215,95
Vashi,Wednesday,3,1223,192,89
Panvel,Wednesday,4,1278,205,95
Vashi,Wednesday,5,1257,165,93
Thane,Wednesday,6,1497,283,123
Chembur,Wednesday,7,1567,467,134
Khar,Wednesday,8,1503,485,126
Chembur,Wednesday,9,1169,202,79
Vashi,Wednesday,10,1007,64,54
Chembur,Wednesday,11,1004,71,69
Vashi,Wednesday,12,967,84,67
Ulhas,Wednesday,13,984,70,73
Ulhas,Wednesday,14,931,61,73
Panvel,Wednesday,15,966,92,0
Chembur,Wednesday,16,777,40,33
Khar,Wednesday,17,763,20,20
Khar,Wednesday,18,804,31,37
Turbhe,Wednesday,19,830,41,50
Vashi,Wednesday,20,833,40,45
Chembur,Wednesday,21,875,35,48
Vashi,Wednesday,22,882,44,56
Khar,Wednesday,23,862,71,58
Turbhe,Thursday,0,863,66,52
Khar,Thursday,1,830,46,52
Panvel,Thursday,2,807,50,44
Thane,Thursday,3,873,51,59
Khar,Thursday,4,931,64,74
Khar,Thursday,5,918,138,76
Turbhe,Thursday,6,1001,137,83
Chembur,Thursday,7,1169,303,100
Ulhas,Thursday,8,1085,204,101
Panvel,Thursday,9,940,95,90
Khar,Thursday,10,1126,347,93
Turbhe,Thursday,11,978,252,79
Khar,Thursday,12,893,66,57
Chembur,Thursday,13,838,45,43
Turbhe,Thursday,14,803,36,25
Ulhas,Thursday,15,775,26,0
Khar,Thursday,16,767,17,17
Chembur,Thursday,17,809,21,44
Thane,Thursday,18,898,60,72
Kurla,Thursday,19,1053,155,91
Khar,Thursday,20,1033,235,89
Panvel,Thursday,21,941,89,84
Chembur,Thursday,22,941,76,83
Vashi,Thursday,23,917,101,78
Chembur,Friday,0,977,109,80
Kurla,Friday,1,994,143,75
Panvel,Friday,2,942,104,77
Chembur,Friday,3,981,107,77
Ulhas,Friday,4,984,133,81
Vashi,Friday,5,1116,171,101
Thane,Friday,6,1181,405,119
Panvel,Friday,7,1163,334,111
Panvel,Friday,8,1081,236,109
Thane,Friday,9,1017,99,101
Kurla,Friday,10,966,93,89
Chembur,Friday,11,924,82,75
Panvel,Friday,12,861,51,51
Ulhas,Friday,13,826,41,39
Khar,Friday,14,846,31,32
Khar,Friday,15,842,41,0
Panvel,Friday,16,909,41,49
Khar,Friday,17,930,38,68
Chembur,Friday,18,1120,111,76
Vashi,Friday,19,1518,584,122
Panvel,Friday,20,1461,633,129
Kurla,Friday,21,1075,145,94
Kurla,Friday,22,1061,155,99
Ulhas,Friday,23,1066,128,81
Turbhe,Saturday,0,1179,255,87
Ulhas,Saturday,1,1251,411,107
Ulhas,Saturday,2,1120,173,95
Turbhe,Saturday,3,1187,277,110
Kurla,Saturday,4,1145,259,99
Thane,Saturday,5,1215,274,113
Khar,Saturday,6,1317,377,127
Turbhe,Saturday,7,1388,457,131
Ulhas,Saturday,8,1295,555,137
Thane,Saturday,9,1153,279,122
Kurla,Saturday,10,1078,137,100
Vashi,Saturday,11,1133,203,108
Khar,Saturday,12,1055,101,83
Thane,Saturday,13,953,86,74
Kurla,Saturday,14,892,51,64
Ulhas,Saturday,15,895,47,0
Panvel,Saturday,16,859,35,40
Panvel,Saturday,17,856,33,39
Chembur,Saturday,18,1030,95,69
Turbhe,Saturday,19,1689,754,104
Vashi,Saturday,20,1486,588,100
Kurla,Saturday,21,1592,658,146
Chembur,Saturday,22,1469,372,155
Vashi,Saturday,23,1364,386,139
Ulhas,Sunday,0,1285,333,121
Vashi,Sunday,1,1311,293,108
Vashi,Sunday,2,1416,511,126
Panvel,Sunday,3,1387,559,145
Panvel,Sunday,4,1329,375,121
Thane,Sunday,5,1496,509,145
Thane,Sunday,6,1676,790,160
Kurla,Sunday,7,1724,816,155
Ulhas,Sunday,8,1642,804,162
Vashi,Sunday,9,1267,332,129
Kurla,Sunday,10,1146,156,96
Panvel,Sunday,11,1216,143,92
Turbhe,Sunday,12,1128,117,89
Vashi,Sunday,13,1042,84,61
Ulhas,Sunday,14,926,60,54
Panvel,Sunday,15,898,76,0
Kurla,Sunday,16,889,40,44
Vashi,Sunday,17,959,64,57
Khar,Sunday,18,1097,148,68
Panvel,Sunday,19,1674,635,95
Vashi,Sunday,20,1771,1129,125
Ulhas,Sunday,21,1408,475,135
Panvel,Sunday,22,1156,220,118
Thane,Sunday,23,1042,105,91
Panvel,Monday,0,1167,190,89
Kurla,Monday,1,1398,516,129
Turbhe,Monday,2,1458,346,122
Turbhe,Monday,3,1554,565,138
Kurla,Monday,4,1495,483,136
Panvel,Monday,5,1560,651,143
Chembur,Monday,6,1664,657,145
Vashi,Monday,7,1761,830,146
Khar,Monday,8,1524,435,122
Turbhe,Monday,9,1398,209,112
Chembur,Monday,10,1342,202,102
Ulhas,Monday,11,1433,174,97
Turbhe,Monday,12,1297,170,85
Chembur,Monday,13,1179,116,76
Kurla,Monday,14,1097,91,74
Vashi,Monday,15,1054,71,0
Kurla,Monday,16,1017,59,56
Chembur,Monday,17,1005,48,66
Panvel,Monday,18,1206,111,90
Panvel,Monday,19,1458,345,111
Chembur,Monday,20,1405,332,103
Vashi,Monday,21,1381,344,117
Turbhe,Monday,22,1315,212,116
Panvel,Monday,23,1332,166,109
Chembur,Monday,18,1362,214,116
Panvel,Monday,19,1399,377,115
Khar,Monday,20,1310,210,94
Khar,Monday,21,1399,265,121
Ulhas,Monday,22,1524,365,114
Ulhas,Monday,23,1487,454,110
Panvel,Tuesday,0,1480,460,122
Thane,Tuesday,1,1626,642,135
Ulhas,Tuesday,2,1449,501,133
Kurla,Tuesday,3,1363,234,110
Panvel,Tuesday,4,1371,212,102
Turbhe,Tuesday,5,1406,275,108
Chembur,Tuesday,6,1425,275,110
Khar,Tuesday,7,1179,135,84
Panvel,Tuesday,8,1047,135,71
Khar,Tuesday,9,1009,135,0
Panvel,Tuesday,10,882,135,42
Kurla,Tuesday,11,858,135,32
Vashi,Tuesday,12,875,135,35
Thane,Tuesday,13,1012,135,67
Thane,Tuesday,14,1049,135,73
Kurla,Tuesday,15,1131,135,86
Thane,Tuesday,16,1120,135,89
Khar,Tuesday,17,1117,135,86
Thane,Tuesday,18,1110,135,86
Khar,Tuesday,19,962,135,66
Kurla,Tuesday,20,963,135,68
Turbhe,Tuesday,21,1050,135,82
Vashi,Tuesday,22,1053,135,91
Thane,Tuesday,23,1045,135,95
Chembur,Wednesday,0,1124,135,104
Thane,Wednesday,1,1330,135,131
Ulhas,Wednesday,2,1171,135,112
Turbhe,Wednesday,3,1085,135,100
Thane,Wednesday,4,1358,135,115
Panvel,Wednesday,5,1385,135,129
Chembur,Wednesday,6,1167,135,99
Kurla,Wednesday,7,1072,135,74
Khar,Wednesday,8,938,135,55
Khar,Wednesday,9,1000,135,0
Turbhe,Wednesday,10,854,135,35
Khar,Wednesday,11,815,135,37
Turbhe,Wednesday,12,866,135,45
Turbhe,Wednesday,13,911,135,46
Turbhe,Wednesday,14,988,135,68
Kurla,Wednesday,15,1046,135,77
Vashi,Wednesday,16,1085,135,79
Turbhe,Wednesday,17,1008,135,72
Kurla,Wednesday,18,1004,135,68
Khar,Wednesday,19,948,135,64
Thane,Wednesday,20,1026,135,73
Chembur,Wednesday,21,1047,135,84
Panvel,Wednesday,22,1018,135,67
Thane,Wednesday,23,1160,135,106
Ulhas,Thursday,0,1269,135,114
Thane,Thursday,1,1394,135,123
Thane,Thursday,2,1292,135,108
Kurla,Thursday,3,1212,135,100
Chembur,Thursday,4,1137,135,118
Kurla,Thursday,5,1080,135,121
Turbhe,Thursday,6,1031,135,94
Kurla,Thursday,7,917,135,52
Thane,Thursday,8,888,135,39
Turbhe,Thursday,9,872,135,0
Chembur,Thursday,10,876,135,33
Kurla,Thursday,11,964,135,57
Ulhas,Thursday,12,1147,135,80
Turbhe,Thursday,13,1493,135,101
Panvel,Thursday,14,1597,135,109
Chembur,Thursday,15,1483,135,109
Chembur,Thursday,16,1222,135,111
Panvel,Thursday,17,1060,135,102
Kurla,Thursday,18,1048,135,96
Thane,Thursday,19,1051,135,90
Turbhe,Thursday,20,998,135,69
Turbhe,Thursday,21,1058,135,74
Turbhe,Thursday,22,1203,135,102
Panvel,Thursday,23,1491,135,128
Panvel,Friday,0,1467,135,130
Thane,Friday,1,1407,135,120
Vashi,Friday,2,1324,135,113
Kurla,Friday,3,1214,135,100
Panvel,Friday,4,1016,135,70
Turbhe,Friday,5,1135,135,83
Ulhas,Friday,6,1065,135,81
Thane,Friday,7,999,135,69
Ulhas,Friday,8,911,135,48
Vashi,Friday,9,873,135,0
Kurla,Friday,10,881,135,28
Ulhas,Friday,11,967,135,47
Thane,Friday,12,1280,135,88
Chembur,Friday,13,1564,135,109
Ulhas,Friday,14,1505,135,113
Panvel,Friday,15,1309,135,104
Panvel,Friday,16,1035,135,65
Chembur,Friday,17,1148,135,87
Thane,Friday,18,1152,135,99
Turbhe,Friday,19,1131,135,100
Kurla,Friday,20,1142,135,105
Khar,Friday,21,1197,135,97
Ulhas,Friday,22,960,135,54
Panvel,Friday,23,1077,135,59
Khar,Saturday,0,1377,135,109
Thane,Saturday,1,1405,135,125
Khar,Saturday,2,1484,135,132
Turbhe,Saturday,3,1187,135,110
Kurla,Saturday,4,870,135,53
Chembur,Saturday,5,932,135,61
Khar,Saturday,6,830,135,41
Ulhas,Saturday,7,778,135,22
Turbhe,Saturday,8,820,135,28
Panvel,Saturday,9,842,135,0
Ulhas,Saturday,10,867,135,41
Khar,Saturday,11,927,135,54
Khar,Saturday,12,1060,135,81
Khar,Saturday,13,1440,135,107
Thane,Saturday,14,1449,135,0
Panvel,Saturday,15,1384,135,124
Ulhas,Saturday,16,1172,135,123
Chembur,Saturday,17,1143,135,120
Ulhas,Saturday,18,1167,135,113
Thane,Saturday,19,1303,135,114
Panvel,Saturday,20,1264,135,120
Kurla,Saturday,21,1242,135,125
Chembur,Saturday,22,1070,135,88
Vashi,Saturday,23,981,135,72
Ulhas,Sunday,0,1198,135,103
Vashi,Sunday,1,1000,135,67
Ulhas,Sunday,2,1110,135,79
Turbhe,Sunday,3,1023,135,89
Ulhas,Sunday,4,861,135,67
Kurla,Sunday,5,969,135,83
Vashi,Sunday,6,898,135,76
Turbhe,Sunday,7,835,135,58
Kurla,Sunday,8,766,135,30
Vashi,Sunday,9,743,135,0
Ulhas,Sunday,10,758,135,22
Turbhe,Sunday,11,804,135,50
Ulhas,Sunday,12,948,135,92
Ulhas,Sunday,13,1204,135,101
Thane,Sunday,14,1231,135,121
Thane,Sunday,15,1176,135,130
Panvel,Sunday,16,1043,135,114
Khar,Sunday,17,992,135,100
Ulhas,Sunday,18,885,135,56
Khar,Sunday,19,991,135,75
Kurla,Sunday,20,1182,135,121
Turbhe,Sunday,21,1191,135,128
Thane,Sunday,22,1272,135,139
Vashi,Sunday,23,1138,135,122
Kurla,Monday,0,1008,135,92
Chembur,Monday,1,1075,135,97
Thane,Monday,2,1034,135,98
Chembur,Monday,3,934,135,93
Chembur,Monday,4,883,135,65
Turbhe,Monday,5,1021,135,81
Ulhas,Monday,6,1059,135,102
Khar,Monday,7,1023,135,91
Thane,Monday,8,855,135,56
Kurla,Monday,9,826,135,0
Kurla,Monday,10,831,135,41
Vashi,Monday,11,817,135,48
Kurla,Monday,12,972,135,72
Turbhe,Monday,13,1200,135,106
Panvel,Monday,14,1234,135,107
Turbhe,Monday,15,1164,135,127
Ulhas,Monday,16,976,135,114
Chembur,Monday,17,844,135,101
Kurla,Monday,18,851,135,95
Chembur,Monday,19,926,135,110
Thane,Monday,20,890,135,101
Kurla,Monday,21,921,135,106
Vashi,Monday,22,1052,135,116
Panvel,Monday,23,1247,135,124
Panvel,Monday,18,1205,135,133
Vashi,Monday,19,1016,135,96
Turbhe,Monday,20,984,135,85
Ulhas,Monday,21,1041,135,97
Thane,Monday,22,1027,135,97
Thane,Monday,23,1025,135,101
Kurla,Tuesday,0,984,135,85
Kurla,Tuesday,1,969,135,80
Ulhas,Tuesday,2,758,135,33
Turbhe,Tuesday,3,767,135,0
Khar,Tuesday,4,772,135,0
Panvel,Tuesday,5,831,135,0
Chembur,Tuesday,6,871,135,0
Panvel,Tuesday,7,995,135,0
Chembur,Tuesday,8,1093,135,0
Thane,Tuesday,9,1079,135,0
Vashi,Tuesday,10,1084,135,0
Thane,Tuesday,11,1204,135,0
Turbhe,Tuesday,12,1213,135,0
Khar,Tuesday,13,1124,135,0
Ulhas,Tuesday,14,945,135,0
Panvel,Tuesday,15,964,135,0
Chembur,Tuesday,16,903,135,0
Turbhe,Tuesday,17,918,135,0
Kurla,Tuesday,18,1028,135,0
Ulhas,Tuesday,19,1175,135,0
Panvel,Tuesday,20,1215,135,0
Chembur,Tuesday,21,1072,135,0
Kurla,Tuesday,22,1070,135,0
Vashi,Tuesday,23,1021,135,0
Turbhe,Wednesday,0,1063,135,0
Khar,Wednesday,1,1068,135,0
Thane,Wednesday,2,993,135,0
Ulhas,Wednesday,3,1034,135,0
Ulhas,Wednesday,4,1025,135,0
Turbhe,Wednesday,5,1036,135,0
Khar,Wednesday,6,924,135,0
Vashi,Wednesday,7,922,135,0
Panvel,Wednesday,8,830,135,0
Turbhe,Wednesday,9,947,135,0
Khar,Wednesday,10,977,135,0
Kurla,Wednesday,11,1025,135,0
Khar,Wednesday,12,1040,135,0
Khar,Wednesday,13,1013,135,0
Khar,Wednesday,14,1035,135,0
Turbhe,Wednesday,15,1086,135,0
Khar,Wednesday,16,967,135,0
Vashi,Wednesday,17,968,135,0
Chembur,Wednesday,18,1004,135,0
Kurla,Wednesday,19,1132,135,0
Kurla,Wednesday,20,1121,135,0
Vashi,Wednesday,21,1068,135,0
Vashi,Wednesday,22,1123,135,0
Khar,Wednesday,23,1101,135,0
Chembur,Thursday,0,997,135,0
Ulhas,Thursday,1,875,135,0
Panvel,Thursday,2,815,135,0
Kurla,Thursday,3,803,135,0
Panvel,Thursday,4,829,135,0
Chembur,Thursday,5,867,135,0
Vashi,Thursday,6,1118,135,0
Chembur,Thursday,7,1632,135,0
Khar,Thursday,8,1598,135,0
Thane,Thursday,9,1378,135,117
Vashi,Thursday,10,1132,135,107
Chembur,Thursday,11,1108,135,95
Vashi,Thursday,12,1131,135,93
Vashi,Thursday,13,1105,135,104
Chembur,Thursday,14,1120,135,102
Turbhe,Thursday,15,1100,135,109
Kurla,Thursday,16,1098,135,97
Chembur,Thursday,17,1137,135,104
Ulhas,Thursday,18,1267,135,124
Vashi,Thursday,19,1319,135,135
Kurla,Thursday,20,1160,135,122
Khar,Thursday,21,1084,135,109
Turbhe,Thursday,22,1025,135,95
Thane,Thursday,23,953,135,86
Chembur,Friday,0,959,135,78
Chembur,Friday,1,834,135,53
Panvel,Friday,2,787,135,43
Kurla,Friday,3,799,135,0
Panvel,Friday,4,807,135,53
Kurla,Friday,5,866,135,48
Kurla,Friday,6,1035,135,64
Khar,Friday,7,1469,135,95
Kurla,Friday,8,1553,135,120
Panvel,Friday,9,1513,135,153
Chembur,Friday,10,1395,135,163
Kurla,Friday,11,1209,135,119
Ulhas,Friday,12,1142,135,96
Turbhe,Friday,13,1140,135,94
Chembur,Friday,14,1105,135,86
Ulhas,Friday,15,1131,135,91
Thane,Friday,16,1162,135,97
Thane,Friday,17,1336,135,125
Vashi,Friday,18,1533,135,140
Ulhas,Friday,19,1650,135,158
Khar,Friday,20,1535,135,159
Panvel,Friday,21,1382,135,128
Thane,Friday,22,1335,135,114
Panvel,Friday,23,1267,135,100
Thane,Saturday,0,1122,135,88
Ulhas,Saturday,1,986,135,67
Thane,Saturday,2,966,135,65
Khar,Saturday,3,919,135,0
Chembur,Saturday,4,872,135,47
Thane,Saturday,5,967,135,57
Thane,Saturday,6,1152,135,73
Thane,Saturday,7,1500,135,95
Turbhe,Saturday,8,1754,135,110
Thane,Saturday,9,1558,135,121
Khar,Saturday,10,1446,135,108
Thane,Saturday,11,1349,135,125
Khar,Saturday,12,1452,135,117
Chembur,Saturday,13,1676,135,131
Chembur,Saturday,14,1327,135,126
Turbhe,Saturday,15,1248,135,114
Kurla,Saturday,16,1250,135,123
Thane,Saturday,17,1222,135,116
Kurla,Saturday,18,1159,135,107
Panvel,Saturday,19,1192,135,123
Turbhe,Saturday,20,1074,135,112
Chembur,Saturday,21,984,135,101
Kurla,Saturday,22,970,135,91
Ulhas,Saturday,23,987,135,88
Ulhas,Sunday,0,1003,135,96
Panvel,Sunday,1,933,135,75
Khar,Sunday,2,859,135,47
Kurla,Sunday,3,815,135,0
Ulhas,Sunday,4,792,135,25
Kurla,Sunday,5,835,135,49
Khar,Sunday,6,975,135,85
Kurla,Sunday,7,1133,135,106
Kurla,Sunday,8,1347,135,136
Ulhas,Sunday,9,1122,135,119
Khar,Sunday,10,1152,135,122
Ulhas,Sunday,11,1020,135,90
Chembur,Sunday,12,1066,135,97
Ulhas,Sunday,13,1105,135,98
Turbhe,Sunday,14,1056,135,93
Turbhe,Sunday,15,1084,135,98
Khar,Sunday,16,1288,135,123
Vashi,Sunday,17,1390,135,148
Thane,Sunday,18,1374,135,148
Ulhas,Sunday,19,1378,135,133
Kurla,Sunday,20,1428,135,141
Khar,Sunday,21,1336,135,131
Panvel,Sunday,22,1234,135,121
Vashi,Sunday,23,1300,135,123
Kurla,Monday,0,1246,135,107
Panvel,Monday,1,1141,135,104
Ulhas,Monday,2,1014,135,91
Thane,Monday,3,938,135,0
Turbhe,Monday,4,988,135,87
Ulhas,Monday,5,983,135,102
Turbhe,Monday,6,1033,135,95
Vashi,Monday,7,1388,135,140
Turbhe,Monday,8,1512,135,0
Khar,Monday,9,1148,135,138
Vashi,Monday,10,1095,135,113
Chembur,Monday,11,987,135,101
Turbhe,Monday,12,984,135,97
Vashi,Monday,13,1072,135,114
Khar,Monday,14,1048,135,110
Panvel,Monday,15,1042,135,103
Turbhe,Monday,16,1113,135,119
Kurla,Monday,17,1146,135,126
Thane,Monday,18,1239,135,144
Kurla,Monday,19,1302,135,164
Chembur,Monday,20,1181,135,148
Khar,Monday,21,1068,135,119
Turbhe,Monday,22,1135,135,111
Panvel,Monday,23,1121,135,115
